Phrase,Search Volume,Competing Products,CPR 8-Day Giveaways,Relevancy,Seller1,Seller2,Seller3,Seller4,Seller5,Seller6,Seller7,Seller8,Seller9,Seller10
shadow box frame 8x8,428,786,8,,27,23,1,25,4,30,15,3,9,8
small shadow box,3993,1000,29,,10,11,1,19,3,31,44,9,13,7
small shadow box frame,593,1000,9,,29,2,1,37,21,41,18,11,15,6
shadow box 8x8,1122,924,26,,14,10,2,33,5,70,15,1,8,12
square shadow box 8x8,308,1000,8,,29,5,12,18,17,56,>306,14,7,25
shadow box 10 x 10,338,2000,8,,15,4,11,52,3,74,21,2,6,7
shallow shadow box,329,115,8,,28,99,4,29,11,1,>306,5,13,10
8x8 white shadow box frame,472,2000,8,,12,6,1,41,27,68,25,2,26,8
frame box,566,5000,9,,5,1,3,10,100,20,52,23,15,25
shadowbox picture frame,759,792,11,,14,18,21,30,20,26,248,46,24,3
shadow box square,328,360,8,,4,2,1,13,36,76,>306,26,5,6
shadow box frames,642,1000,10,,6,1,5,30,34,33,26,23,44,3
white shadow box,1547,798,28,,2,3,1,10,77,28,34,4,37,7
large shadow box display case 30 x 30,605,961,10,,10,7,79,4,15,8,13,16,>306,55
square shadow box,455,361,8,,17,74,1,16,8,89,>306,2,4,5
frame with box,540,10000,9,,2,1,4,21,65,10,61,26,38,9
10x10 shadow box,870,685,11,,26,28,27,69,3,39,8,2,35,30
shadown box frame,312,150,8,,14,96,3,22,66,9,10,18,21,33
configuration shadow box,437,442,8,,23,6,18,4,13,17,>306,54,>306,27
8x8 shadow box,948,767,12,,19,91,2,84,5,71,20,1,9,8
mini shadow box,646,225,10,,22,73,11,20,2,116,>306,13,16,17
shadow box small,950,943,12,,21,9,5,20,1,116,68,27,53,14
celine thin shadow,475,105,8,,2,21,1,>306,49,5,8,84,40,9
shadow boxes,4609,1000,31,,1,2,5,15,24,36,33,68,41,30
metal wire shadow box,408,218,8,,6,5,60,19,15,7,>306,>306,>306,10
black shadow box,950,811,12,,10,90,1,9,43,18,>306,28,61,12
shadow frame,510,1000,9,,10,4,2,28,61,32,55,5,108,12
picture frame shadow box,437,1000,8,,19,1,3,120,45,38,30,43,27,5
8x10 shadow box frame,644,710,10,,16,1,2,84,24,60,11,30,33,74
shadow frame box,386,1000,8,,3,122,2,28,31,60,14,23,35,4
skinny shadow box,328,429,8,,7,87,55,16,1,17,>306,72,26,20
shadow box gun,477,415,8,,5,10,20,18,31,16,>306,127,49,29
shadow box,90135,1000,146,,4,1,3,26,44,30,2,84,63,98
shadow box for graduation cap,378,110,8,,18,17,102,33,69,27,16,19,63,29
shadowbox frame,856,768,11,,16,112,18,29,45,26,47,20,89,2
shadow box white,598,780,9,,3,201,2,7,70,30,49,5,72,16
shadow box 8x10,446,677,8,,2,103,3,86,75,127,16,7,30,26
8x10 shadow box,948,705,12,,2,146,3,57,71,174,7,6,19,18
square shadow box white,311,3000,8,,19,282,2,10,41,73,>306,15,16,7
shadow box frame 8x10,759,713,11,,5,229,3,79,30,89,15,27,19,76
shadow box frame small,378,1000,8,,8,3,1,60,34,32,39,22,5,71
ocean shadow box,314,2000,8,,10,15,9,35,19,24,>306,>306,>306,32
marvel shadowbox,434,61,8,,4,3,36,32,28,11,>306,36,>306,12
friendship shadow box,498,442,9,,2,6,70,1,4,10,>306,33,>306,35
5 inch deep shadow boxes,302,344,8,,29,23,5,12,15,31,>306,55,>306,44
airtight shadow box,364,171,8,,4,74,1,2,33,22,>306,56,>306,10
nocturnal shadow box,312,94,8,,6,2,44,32,30,13,>306,56,>306,26
stand up shadow box,502,194,9,,8,77,6,18,37,20,>306,54,8,46
graduation shadow box cap and gown,371,145,8,,13,15,>306,45,70,14,46,28,17,43
graduation shadow box for cap and gown,446,102,8,,7,16,>306,25,73,28,61,39,3,45
stole shadow box,302,239,8,,10,83,16,14,76,26,>306,44,5,43
illuminated shadow box,358,497,8,,8,60,30,9,76,38,>306,17,87,16
empty shadow box,346,1000,8,,3,77,6,20,92,13,>306,26,73,39
badge shadow box,317,269,8,,18,13,11,3,4,115,36,54,112,47
black shadow frame boxes,361,8000,8,,14,115,1,16,77,20,>306,42,83,3
frame boxes,303,6000,8,,8,10,2,17,108,103,43,76,66,5
long shadow box,710,316,10,,10,7,23,48,24,17,>306,77,86,106
shadow box family,387,4000,8,,13,12,131,43,19,10,14,60,68,88
shadow box frame for flowers,605,1000,10,,29,155,26,35,28,45,6,99,18,58
shadow box for flowers,856,296,11,,29,81,26,22,16,178,6,59,43,41
white shadow box frame,710,775,10,,3,212,4,10,72,39,46,5,80,11
11x14 shadow box,950,524,12,,1,3,10,43,107,123,24,73,11,108
shadow box frame 16x20,1815,348,26,,8,17,44,20,120,1,136,87,61,27
shadow box 11x14,2431,521,27,,1,89,22,12,56,115,25,93,13,88
mothers day shadow box,355,1000,8,,6,4,30,66,188,93,17,40,59,18
shadow boxes 8x10,306,1000,8,,7,254,4,40,57,82,5,2,19,78
af shadow box,419,254,8,,13,99,22,27,11,7,>306,31,>306,42
shadow box table display case,487,3000,9,,14,25,>306,19,7,12,>306,52,85,78
display frames shadow box 24 x 36,456,1000,8,,12,144,63,16,27,11,>306,104,>306,21
shadow box clip frame,313,701,8,,9,268,14,60,39,203,17,10,50,23
shadowbox display case,494,440,9,,17,252,193,14,29,27,96,42,41,10
box picture frame,605,5000,10,,2,1,22,245,44,114,192,23,78,9
box frame 11x14,404,2000,8,,9,4,6,24,276,188,93,213,11,264
shadow box for flower,425,5000,8,,18,277,7,106,2,217,5,212,20,243
adjustable depth shadow box,399,146,8,,14,67,8,2,9,>306,>306,49,45,40
bsa memorabilia box,353,89,8,,19,3,>306,53,7,17,>306,53,54,36
shadow box book display,308,2000,8,,13,31,32,2,23,46,44,65,26,59
xxl shadow box,590,353,9,,5,80,36,4,14,2,>306,65,54,43
shadow box roses,568,352,9,,12,71,33,52,1,13,>306,17,57,64
shadow box graduation display case,332,484,8,,16,31,>306,47,24,33,27,22,68,66
graduation cap shadow box,579,118,9,,21,9,>306,66,58,32,48,15,64,27
14 x 14 shadow box,403,3000,8,,6,2,34,5,57,39,35,105,26,64
shadow box for graduation cap and gown,375,102,8,,4,10,89,37,74,27,56,36,7,48
batman shadow box,480,294,9,,19,87,56,11,7,32,>306,80,43,26
graduation shadow box,646,298,10,,1,3,>306,42,44,25,75,29,104,45
shadow box frame large,372,1000,8,,9,12,74,21,56,1,45,75,58,82
top loading shadow box,762,155,11,,26,85,17,19,54,39,>306,77,11,79
shadow box 3 inch depth,415,108,8,,16,63,40,30,38,45,29,28,88,74
fund shadow box frame,328,217,8,,25,58,28,39,24,74,>306,19,104,41
large shadow box,3986,3000,31,,22,10,67,17,52,24,46,101,83,39
shadow box picture frame,710,1000,10,,11,71,7,58,27,31,121,60,63,16
small shadow box display,623,30000,10,,22,32,71,11,6,33,27,88,94,99
shadow box with slot,1122,246,26,,25,110,20,35,26,>306,43,79,30,68
shadow box for clothes,325,3000,8,,6,128,45,1,76,4,>306,71,93,20
matted shadow box,387,1000,8,,30,74,41,7,214,49,>306,36,12,5
18x24 shadow box frame,449,216,8,,6,11,64,25,38,7,>306,126,100,69
varsity letter frame,629,116,10,,5,20,75,90,118,>306,33,2,91,11
wedding dress shawdow box,323,195,8,,25,135,28,18,50,61,15,112,>306,36
black picture box,399,60000,8,,6,4,10,73,51,140,>306,22,103,60
shadow boxes display cases 16 x 20 x 3,583,543,9,,27,30,109,20,34,17,>306,130,78,49
tshirt frame display case,646,413,10,,20,74,150,30,97,35,69,39,29,13
memory frame shadow box,516,766,9,,1,21,113,35,9,83,122,70,98,20
deep shadow box,2560,497,30,,2,187,64,11,29,32,18,45,85,102
shadow box 12x12,856,651,11,,14,179,65,26,43,34,56,1,168,3
jerset frame,532,93,9,,23,11,>306,>306,>306,8,>306,29,33,36
weddingshadow box,566,61,9,,17,27,7,61,>306,2,>306,>306,>306,46
6 compartment shadow box,450,710,8,,13,11,40,16,62,72,>306,32,>306,20
tee shirt shadow box,397,329,8,,16,109,62,26,>306,2,>306,54,76,8
graduation hat frame,342,222,8,,20,5,>306,120,87,58,>306,23,34,11
pet collar shadow box,439,140,8,,11,89,23,25,71,96,>306,45,>306,29
seashell shadow box,350,317,8,,28,77,14,16,69,131,>306,64,>306,22
24 x 36 shadow box frame,435,1000,8,,17,29,69,10,59,11,>306,208,>306,31
box frame picture frame,441,4000,8,,5,1,2,37,80,114,169,14,79,83
police badge shadow box,415,488,8,,21,42,12,14,29,133,56,34,203,67
12x12 shadow box,1210,653,27,,21,209,61,57,41,20,47,3,179,2
concert t shirt display frame,394,223,8,,19,202,104,45,31,4,43,25,168,15
wedding bouquet shadow box,567,178,9,,30,26,111,25,11,119,31,73,127,144
geometric shadow box,400,538,8,,20,24,207,26,22,32,>306,173,53,59
shadow box large,2105,765,27,,22,19,190,40,98,7,48,125,124,30
white display box,417,50000,8,,6,23,149,8,156,137,26,48,136,35
dog memorial shadow box frame,406,327,8,,18,25,26,64,45,155,24,97,134,151
wedding flower shadow box frame,582,1000,9,,3,216,25,30,52,192,1,58,84,64
shadow box display case,1815,893,33,,1,28,130,6,50,31,5,235,145,127
picture box frame,363,5000,8,,2,1,10,126,138,72,225,105,8,118
medal display case shadow box,444,1000,8,,5,2,223,54,21,174,206,20,69,81
manhattan wall box frames,343,302,8,,29,27,39,27,>306,>306,>306,44,>306,26
corsage frame,342,398,8,,6,13,>306,3,>306,131,>306,28,>306,67
8x10 deep picture frame,419,1000,8,,18,1,2,>306,>306,>306,>306,10,53,237
shadow box large 36 x 24 decorative,456,982,8,,9,29,82,19,100,11,>306,181,>306,31
memory box wall,498,60000,9,,12,31,216,20,28,96,>306,17,>306,67
shadow box easel,316,1000,8,,16,254,80,22,64,17,>306,>306,15,62
shadow box pins,1207,1000,26,,27,22,189,9,93,244,209,40,1,65
3d shadow box wall art,563,1000,9,,26,220,86,14,272,62,18,102,150,18
memorabilia display case wall,333,2000,8,,5,24,>306,225,76,184,25,44,253,8
