phrase,Relevancy,Search Volume,Seller1,Seller2,Seller3,Seller4,Seller5,Seller6,Seller7,Seller8,Seller9,Seller10
spannbettlaken 180x200cm,,44340,7,1,3,4,5,6,11,2,31,14
spannbettlaken 180x200cm boxspringbett,,6607,9,5,3,6,19,7,4,1,44,10
spannbetttuch 180x200,,1641,8,1,6,5,41,3,4,2,19,17
spannbetttuch 140x200,,1360,5,4,3,6,9,1,2,17,7,24
180x200 spannbettlaken,,934,2,9,1,7,19,4,5,8,48,15
spannbettlaken - 180x200,,764,3,2,6,13,14,1,4,7,32,9
bettlacken,,738,3,7,4,6,1,2,19,8,27,11
spannleintuch,,341,6,15,16,12,7,166,13,2,1,10
spannbettuch. 90 x 2.00 m,,303,12,19,11,17,8,5,7,13,6,52
bettlaken 200x200,,13620,18,1,13,4,17,14,30,12,23,3
bettlaken 180x200 boxspringbett,,5139,4,5,7,8,28,9,2,1,75,13
bed sheets,,2917,9,26,1,14,10,12,5,39,17,20
spannbettlaken 140x200cm baumwolle,,2137,1,2,29,3,6,3,5,19,4,54
bettbezug 180 x 200,,1799,3,20,4,13,29,58,2,14,7,16
spannbettlaken boxspringbett 180x200cm,,1747,13,5,9,7,28,14,2,1,57,8
spannleintuch 180x200,,1100,1,10,2,4,31,36,3,15,20,6
bettlaken boxspringbett 180x200,,993,6,10,8,7,13,21,3,1,77,9
bettlacken140x200cm,,778,2,14,1,11,13,3,4,>306,25,10
140x200cm bettlaken,,750,3,17,1,6,30,2,11,51,4,19
leintuch 200x200,,658,16,2,10,22,13,46,15,14,8,1
spannbetttuch 160x200,,601,7,2,3,1,10,5,16,32,4,24
bettlaken 200x200 baumwolle,,587,17,1,24,9,21,16,15,18,7,5
boxspringbett spannbettlaken 180x200,,565,12,9,5,16,35,11,2,1,84,10
spannbettlaken 180x200,,532,5,2,4,9,21,1,6,10,25,13
bettspanntuch 140x200,,424,1,10,2,9,17,19,4,22,6,40
160x200 spannbetttuch,,379,8,3,2,1,6,12,19,32,5,21
bettlaken 180x200 boxspringbett topper,,334,2,16,7,15,42,16,1,6,37,3
spannbettlaken für,,303,9,3,31,4,1,2,5,7,10,36
spannbettlaken 140x200cm,,39532,8,1,2,4,6,5,10,29,27,61
bettlaken 180x200,,36268,3,2,1,5,28,4,25,6,102,13
bettlaken,,10490,16,8,4,12,2,5,88,6,23,62
bettbezug 140x200,,3558,2,8,1,3,29,13,10,41,5,133
spannbettlaken topper 180x200,,3139,1,13,8,22,30,15,3,10,106,2
topper spannbettlaken 180x200,,2475,2,19,6,27,32,18,3,11,107,1
leintuch 180x200,,1920,2,3,1,6,50,44,4,8,27,7
leintuch 140x200,,1766,2,5,1,4,19,76,6,24,3,25
spannbettlaken 180x200cm baumwolle,,1539,2,3,31,5,7,1,4,9,36,22
bettlaken 140x200 baumwolle,,1516,1,5,8,4,28,27,3,32,7,13
spannbettlaken 180x200 biber,,1147,2,7,6,14,30,3,5,4,62,33
bettlaken 180x200 baumwolle,,1130,1,2,30,5,29,4,3,14,51,7
spannbettlaken 180x200 boxspringbett topper,,1059,5,15,3,14,62,24,1,2,55,4
laken 140x200,,993,4,3,1,6,43,2,9,29,31,15
leintuch boxspringbett 180x200,,908,18,17,5,6,45,54,2,3,21,15
laken 180x200,,759,3,2,1,25,28,21,13,5,16,8
spannbettlaken 160x200cm baumwolle,,707,3,1,36,4,7,11,5,49,16,31
bettlacken boxspringbetten 180x 200,,684,1,2,22,9,28,26,3,5,4,7
spannbettlaken - 140x200,,665,2,3,5,9,4,1,6,30,38,33
spannleintuch 140x200,,648,3,5,4,10,26,30,2,35,1,15
bed sheet,,561,4,63,1,3,13,6,26,15,12,22
spannleintuch boxspringbett 180x200,,523,12,6,5,9,26,41,2,1,54,7
spannbettlaken 140x200,,518,4,2,3,6,9,1,5,27,29,33
spannbettlaken 160x200,,487,4,3,6,1,11,2,31,30,9,24
spannbettlaken - 160x200,,471,10,1,9,4,6,2,38,27,5,24
spannbettuch 1.40 x2.00,,454,3,2,5,16,30,1,13,47,9,71
bettlaken schwarz,,426,11,16,1,121,19,10,18,4,73,45
topper bettlaken 180x200,,376,3,29,11,19,45,18,2,15,94,1
bettlaken 140x200 2er pack,,331,15,14,1,24,8,10,12,16,52,62
bettlaken 140x200,,42128,4,2,1,6,29,5,11,30,27,33
bettlaken 100x200,,2433,12,9,20,32,1,2,33,21,10,39
leintuch 90x200,,1166,3,28,21,6,5,59,9,20,1,32
bettbezug 90x200,,1052,3,7,17,2,1,30,32,21,16,60
spannbetttuch 90x200,,934,12,51,28,2,1,4,7,29,5,54
topper 180x200cm spannbettlaken,,929,1,12,26,15,44,28,2,19,69,3
bettlaken 160x200,,844,7,3,2,5,39,1,23,32,6,34
spannbettlaken 90x200cm 2er pack,,773,17,18,28,23,1,9,8,20,27,50
spannbettlaken 90x200cm baumwolle,,745,3,29,31,6,1,7,15,28,10,37
bettlaken & kissenbezüge,,485,10,7,2,32,93,1,38,>306,6,4
bettlaken 160 x 200 baumwolle,,450,1,3,31,2,27,14,25,26,4,11
spannbettlaken 80x180,,438,19,14,16,28,12,30,10,11,39,36
spannbettlaken 160x200 boxspringbett,,409,8,11,7,4,53,92,28,16,64,13
leintuch 160x200,,405,20,6,2,4,38,33,24,19,1,25
split topper spannbettlaken 180x200,,383,4,67,13,14,>306,19,5,24,52,8
bettspanntuch 180x200,,383,3,7,1,25,26,23,4,5,27,16
spannbettlaken boxspringbett,,376,12,21,17,7,85,29,2,1,142,10
spannleintuch 160 x 200,,369,6,9,2,4,51,39,22,25,1,12
bed sheets 180x200,,365,4,21,1,8,22,3,48,5,31,12
bettlaken 160 x 200 boxspringbett,,339,4,33,7,3,31,61,14,5,47,11
bettlaken topper 180x200 boxspringbett,,327,3,28,5,14,64,32,1,12,70,2
bettlaken boxspringbett,,305,6,44,11,12,25,53,2,3,103,8
spannbettlaken 90x200cm,,31227,7,28,24,3,1,4,32,25,5,76
spannbettlaken 160x200cm,,15426,5,2,27,3,7,16,30,26,29,36
bettlaken 160 x 200,,6881,4,5,27,1,30,3,31,28,9,35
spannbettlaken 180x200cm topper,,1530,1,6,25,64,29,35,4,9,30,2
bettlaken 80x200,,1093,20,33,19,1,18,42,41,16,25,37
spannbettlaken 90x200,,795,10,43,28,4,1,3,18,35,26,40
bed sheets 140x200,,752,10,60,1,7,67,16,107,58,19,86
spannbettlaken 160x200cm boxspringbett,,743,5,10,17,3,42,51,25,30,53,8
topper bezug 160x200,,740,14,65,17,31,55,28,15,19,53,13
bettlaken topper 180x200,,740,1,23,7,14,48,24,3,22,117,2
bettlaken 90x200cm baumwolle,,665,3,26,27,2,1,2,8,31,25,32
topper bezug 140x200,,655,20,46,5,4,22,34,2,29,26,1
spannbettlaken topper 200x200,,625,4,24,14,45,30,7,2,33,78,1
spannbettlaken 90x200 biber,,601,13,25,28,15,1,9,5,54,27,32
spannbettlaken für topper,,589,3,70,10,42,21,43,2,8,55,1
bettlaken 140x200 boxspringbett,,532,8,22,3,6,32,48,4,23,37,10
spannbettlaken für topper 180x200,,487,2,32,12,38,67,30,4,11,106,1
bettlaken baumwolle,,461,1,2,25,22,3,11,36,10,27,39
bettlaken 180x220,,443,11,13,19,35,44,62,29,8,20,46
spannbettlaken 180x200cm biber,,431,11,14,29,28,52,9,7,22,42,13
topper 180x200cm bezug,,426,3,40,7,26,41,29,1,19,21,2
topper spannbettlaken 120x200,,395,14,24,37,3,19,25,17,42,8,21
spannbettlaken topper,,336,3,61,15,44,16,50,2,22,66,1
bettlaken für topper,,331,3,87,31,54,35,15,2,19,64,1
bettlaken 90x200cm,,12743,12,29,22,5,1,3,39,31,23,69
bettlaken 90x200cm kinder,,804,8,14,6,27,21,45,20,240,29,154
spannleintuch 90x200,,802,4,31,21,18,2,30,27,24,1,23
bettlaken 90x200,,762,9,42,29,2,1,3,51,32,28,50
bedsheet,,632,2,86,1,6,30,29,57,47,17,35
spannbettlaken 180x200cm frottee,,565,11,7,12,73,14,26,32,58,39,21
spannbettlaken 90x200cm biber,,561,7,49,48,24,5,8,4,43,62,35
topperbezug 180x200cm,,561,3,14,21,31,65,37,4,48,62,2
laken 90x200,,554,3,49,26,25,1,12,8,31,24,34
spannbettlaken 90x200cm frottee,,544,14,16,24,35,13,53,20,42,50,31
bettlaken 180x200 topper,,506,3,26,25,30,51,11,2,29,93,1
topperbezug 180x200cm boxspringbett,,476,4,26,13,29,112,34,3,31,51,2
topper bezug 200x200,,428,15,226,5,112,31,53,13,29,161,1
bettlaken 140x220,,407,16,21,12,22,25,24,20,3,26,64
bettlaken 140x200 weiß,,346,3,29,1,2,28,54,36,46,69,12
bettlaken 100x200 2er pack,,329,18,23,19,65,1,20,21,29,34,77
betttuch 140x200,,301,9,25,3,4,27,2,33,58,38,28
topper bezug 180x200,,2645,2,39,28,37,75,30,3,35,51,1
bettlaken weiß,,693,8,61,3,12,54,187,199,22,174,57
topper bezug,,492,5,107,25,269,27,110,4,51,254,2
rundbett 200x200,,471,N/R,9,>306,>306,12,>306,>306,>306,>306,13
topper spannbettlaken 200x200,,452,5,32,22,29,27,41,2,28,50,1
bezug topper 180x200,,426,1,82,26,30,122,34,2,84,29,3
bezug für topper,,393,4,279,32,56,23,78,5,35,253,2
weiße bettlaken,,386,10,52,8,29,74,154,44,21,164,16
weißes bettlaken,,357,16,88,4,19,65,163,170,22,110,62
spannbettlaken 140x200cm weiß,,336,2,21,3,1,35,144,28,49,50,39
bezug für topper 180x200,,305,3,96,38,88,168,28,5,26,106,4
